Distrito,Porcentaje de robos
ica,57.57575757575758
ica,27.27272727272727
pueblo nuevo,6.0606060606060606
la tinguiña,3.0303030303030303
subtanjalla,3.0303030303030303
subtanjalla,3.0303030303030303
