Distrito,Porcentaje de robos
ica,61.29032258064516
ica,22.58064516129032
pueblo nuevo,6.451612903225806
la tinguiña,3.225806451612903
subtanjalla,3.225806451612903
subtanjalla,3.225806451612903
