Distrito,Porcentaje de robos
ica,86.36363636363636
la tinguiña,4.545454545454546
subtanjalla,4.545454545454546
subtanjalla,4.545454545454546
