Distrito,Porcentaje de robos
ica,90.47619047619048
la tinguiña,4.761904761904762
subtanjalla,4.761904761904762
