Distrito,Porcentaje de robos
ica,85.71428571428571
subtanjalla,14.285714285714285
