Distrito,Porcentaje de robos
ica,91.30434782608695
subtanjalla,4.3478260869565215
pisco,4.3478260869565215
